{
  "task": "binary_classification",
  "label_mapping": {
    "immiscible": 0,
    "miscible": 1
  },
  "x_cols": {
    "mole_frac": [
      5,
      6
    ],
    "IL1_sigma": [
      10,
      60
    ],
    "IL2_sigma": [
      60,
      110
    ]
  },
  "y_col": 110,
  "input_size": 101,
  "hidden_size": 128,
  "output_size": 1,
  "decision_threshold": 0.5,
  "note": "Half-open slices [start,stop). Label at column 110 must be 'miscible' or 'immiscible' (text only).",
  "class_balance": {
    "train_pos": 2928082,
    "train_neg": 205217
  }
}